--------------------------------------------------------
-- Archivo creado  - martes-noviembre-08-2022   
--------------------------------------------------------
REM INSERTING into TT_GEST_DEPENDENCIA
SET DEFINE OFF;
Insert into TT_GEST_DEPENDENCIA (ID_GESTION_DEPENDENCIA,CODIGO_DEPENDENCIA,CODIGO_PRESUPUESTARIO,NOMBRE_DEPENDENCIA,NOMBRE_GAFETE,NOMBRE_ABREVIADO,NOMBRE_DOCUMENTO,CONECTOR,FECHA_DEL_ACUERDO,FECHA_ENTRA_VIGENCIA,FECHA_ANULACION,REFERENCIA,FUNCION_UNIDAD,DEPARTAMENTO,MUNICIPIO,TIPO_AREA,ACUERDO_DIGITAL,ID_TIPO_GESTION,ID_ESTADO,ID_SOURCE,IP,ID_ESTADO_PROCESO,ID_TRAZABILIDAD,OBSERVACIONES,ID_USUARIO_REGISTRO,FECHA_REGISTRO,FECHA_PUBLICACION,OBS_FECHA_VIGENCIA) values (17,10111,10111,'JUZGADO DE TRABAJO','JUZGADO DE TRABAJO','JUZGADO DE TRABAJO','JUZGADO DE TRABAJO','DE',to_date('28/05/21','DD/MM/RR'),to_date('28/05/21','DD/MM/RR'),null,'JUZGADO DE TRABAJO','T',1,1,1,'2021/5/28/17/NewProject.pdf',1,1,2,'10.101.109.84',2,26,'Se acepta solicitud',50941,to_date('28/05/21','DD/MM/RR'),to_date('28/05/21','DD/MM/RR'),null);
Insert into TT_GEST_DEPENDENCIA (ID_GESTION_DEPENDENCIA,CODIGO_DEPENDENCIA,CODIGO_PRESUPUESTARIO,NOMBRE_DEPENDENCIA,NOMBRE_GAFETE,NOMBRE_ABREVIADO,NOMBRE_DOCUMENTO,CONECTOR,FECHA_DEL_ACUERDO,FECHA_ENTRA_VIGENCIA,FECHA_ANULACION,REFERENCIA,FUNCION_UNIDAD,DEPARTAMENTO,MUNICIPIO,TIPO_AREA,ACUERDO_DIGITAL,ID_TIPO_GESTION,ID_ESTADO,ID_SOURCE,IP,ID_ESTADO_PROCESO,ID_TRAZABILIDAD,OBSERVACIONES,ID_USUARIO_REGISTRO,FECHA_REGISTRO,FECHA_PUBLICACION,OBS_FECHA_VIGENCIA) values (18,5011,5011,'JUZGADO DE PAZ NUEVA CONCEPCION','JDO. DE PAZ','JDO. DE PAZ NUEVA CONCEPCION','Juzgado de Paz del Municipio de Nueva Concepción','DE LA',to_date('01/01/00','DD/MM/RR'),to_date('28/05/21','DD/MM/RR'),null,'CONFIGURACION DE SISTEMA -- NUEVA PRUEBA ACTUALIZACION 2-3','N',5,13,1,'2021/5/28/18/NewProject.pdf',2,1,2,'10.101.109.84',2,20,'Se confirma solicitud',50941,to_date('28/05/21','DD/MM/RR'),to_date('28/05/21','DD/MM/RR'),null);
Insert into TT_GEST_DEPENDENCIA (ID_GESTION_DEPENDENCIA,CODIGO_DEPENDENCIA,CODIGO_PRESUPUESTARIO,NOMBRE_DEPENDENCIA,NOMBRE_GAFETE,NOMBRE_ABREVIADO,NOMBRE_DOCUMENTO,CONECTOR,FECHA_DEL_ACUERDO,FECHA_ENTRA_VIGENCIA,FECHA_ANULACION,REFERENCIA,FUNCION_UNIDAD,DEPARTAMENTO,MUNICIPIO,TIPO_AREA,ACUERDO_DIGITAL,ID_TIPO_GESTION,ID_ESTADO,ID_SOURCE,IP,ID_ESTADO_PROCESO,ID_TRAZABILIDAD,OBSERVACIONES,ID_USUARIO_REGISTRO,FECHA_REGISTRO,FECHA_PUBLICACION,OBS_FECHA_VIGENCIA) values (19,40091,4009,'JUZGADO DE PAZ SAN ANDRES ITZAPA +1','JDO. DE PAZ +1','JDO. DE PAZ SN. ANDRES ITZAPA +1','JUZGADO DE PAZ SAN ANDRES ITZAPA +1','DEL',to_date('01/01/00','DD/MM/RR'),to_date('28/05/21','DD/MM/RR'),null,'REFERENCIA DE REGULARIZACION','N',3,13,1,'2021/5/28/19/NewProject.pdf',3,1,2,'10.101.109.84',2,24,'Se acepta solicitud',50941,to_date('28/05/21','DD/MM/RR'),to_date('28/05/21','DD/MM/RR'),null);
Insert into TT_GEST_DEPENDENCIA (ID_GESTION_DEPENDENCIA,CODIGO_DEPENDENCIA,CODIGO_PRESUPUESTARIO,NOMBRE_DEPENDENCIA,NOMBRE_GAFETE,NOMBRE_ABREVIADO,NOMBRE_DOCUMENTO,CONECTOR,FECHA_DEL_ACUERDO,FECHA_ENTRA_VIGENCIA,FECHA_ANULACION,REFERENCIA,FUNCION_UNIDAD,DEPARTAMENTO,MUNICIPIO,TIPO_AREA,ACUERDO_DIGITAL,ID_TIPO_GESTION,ID_ESTADO,ID_SOURCE,IP,ID_ESTADO_PROCESO,ID_TRAZABILIDAD,OBSERVACIONES,ID_USUARIO_REGISTRO,FECHA_REGISTRO,FECHA_PUBLICACION,OBS_FECHA_VIGENCIA) values (20,10111,10111,'JUZGADO DE TRABAJO','JUZGADO DE TRABAJO','JUZGADO DE TRABAJO','JUZGADO DE TRABAJO','DE',to_date('28/05/21','DD/MM/RR'),to_date('28/05/21','DD/MM/RR'),to_date('28/05/21','DD/MM/RR'),'REFERENCIA ANULACION','T',1,1,1,'2021/5/28/20/NewProject.pdf',4,1,2,'10.101.109.84',2,28,'Se confirma Baja',50941,to_date('28/05/21','DD/MM/RR'),to_date('28/05/21','DD/MM/RR'),null);
Insert into TT_GEST_DEPENDENCIA (ID_GESTION_DEPENDENCIA,CODIGO_DEPENDENCIA,CODIGO_PRESUPUESTARIO,NOMBRE_DEPENDENCIA,NOMBRE_GAFETE,NOMBRE_ABREVIADO,NOMBRE_DOCUMENTO,CONECTOR,FECHA_DEL_ACUERDO,FECHA_ENTRA_VIGENCIA,FECHA_ANULACION,REFERENCIA,FUNCION_UNIDAD,DEPARTAMENTO,MUNICIPIO,TIPO_AREA,ACUERDO_DIGITAL,ID_TIPO_GESTION,ID_ESTADO,ID_SOURCE,IP,ID_ESTADO_PROCESO,ID_TRAZABILIDAD,OBSERVACIONES,ID_USUARIO_REGISTRO,FECHA_REGISTRO,FECHA_PUBLICACION,OBS_FECHA_VIGENCIA) values (21,9999,9999,'JUZGADO DE PRUEBA','JUZGADO DE PRUEBA','JUZGADO DE PRUEBA','JUZGADO DE PRUEBA','DEL',to_date('26/05/21','DD/MM/RR'),to_date('28/05/21','DD/MM/RR'),null,'NUEVO JUZGADO','T',1,1,1,'2021/5/28/21/CIRCULAR NO. UAAF-006-2021MAL.pdf',1,1,2,'10.101.109.84',3,44,'Se rechaza solicitud',50941,to_date('28/05/21','DD/MM/RR'),to_date('27/05/21','DD/MM/RR'),null);
Insert into TT_GEST_DEPENDENCIA (ID_GESTION_DEPENDENCIA,CODIGO_DEPENDENCIA,CODIGO_PRESUPUESTARIO,NOMBRE_DEPENDENCIA,NOMBRE_GAFETE,NOMBRE_ABREVIADO,NOMBRE_DOCUMENTO,CONECTOR,FECHA_DEL_ACUERDO,FECHA_ENTRA_VIGENCIA,FECHA_ANULACION,REFERENCIA,FUNCION_UNIDAD,DEPARTAMENTO,MUNICIPIO,TIPO_AREA,ACUERDO_DIGITAL,ID_TIPO_GESTION,ID_ESTADO,ID_SOURCE,IP,ID_ESTADO_PROCESO,ID_TRAZABILIDAD,OBSERVACIONES,ID_USUARIO_REGISTRO,FECHA_REGISTRO,FECHA_PUBLICACION,OBS_FECHA_VIGENCIA) values (22,112012,12012,'JUZGADO DE PAZ SAN PABLO +11','JUZGADO DE PAZ SAN PABLO +11','JDO. DE PAZ SN. PABLO +11','JUZGADO DE PAZ SAN PABLO +11','DEL',to_date('01/01/00','DD/MM/RR'),to_date('28/05/21','DD/MM/RR'),null,'REFERENCIA DE PRUEBA JUZGADO DE PAZ SAN PABLO +11','T',12,19,1,'2021/5/28/22/NewProject.pdf',3,1,2,'10.101.105.140',2,37,'Confirmacion JUZGADO DE PAZ SAN PABLO +11',50669,to_date('28/05/21','DD/MM/RR'),to_date('28/05/21','DD/MM/RR'),null);
Insert into TT_GEST_DEPENDENCIA (ID_GESTION_DEPENDENCIA,CODIGO_DEPENDENCIA,CODIGO_PRESUPUESTARIO,NOMBRE_DEPENDENCIA,NOMBRE_GAFETE,NOMBRE_ABREVIADO,NOMBRE_DOCUMENTO,CONECTOR,FECHA_DEL_ACUERDO,FECHA_ENTRA_VIGENCIA,FECHA_ANULACION,REFERENCIA,FUNCION_UNIDAD,DEPARTAMENTO,MUNICIPIO,TIPO_AREA,ACUERDO_DIGITAL,ID_TIPO_GESTION,ID_ESTADO,ID_SOURCE,IP,ID_ESTADO_PROCESO,ID_TRAZABILIDAD,OBSERVACIONES,ID_USUARIO_REGISTRO,FECHA_REGISTRO,FECHA_PUBLICACION,OBS_FECHA_VIGENCIA) values (23,114019,14019,'JUZGADO DE PAZ CUNEN++','JUZGADO DE PAZ CUNEN++','JUZGADO DE PAZ CUNEN++','JUZGADO DE PAZ CUNEN++','DEL',to_date('01/01/00','DD/MM/RR'),to_date('28/05/21','DD/MM/RR'),null,'ADFASDFDF','N',14,10,1,'2021/5/28/23/NewProject.pdf',3,1,2,'10.101.105.140',2,39,'asdf',50669,to_date('28/05/21','DD/MM/RR'),to_date('28/05/21','DD/MM/RR'),null);
Insert into TT_GEST_DEPENDENCIA (ID_GESTION_DEPENDENCIA,CODIGO_DEPENDENCIA,CODIGO_PRESUPUESTARIO,NOMBRE_DEPENDENCIA,NOMBRE_GAFETE,NOMBRE_ABREVIADO,NOMBRE_DOCUMENTO,CONECTOR,FECHA_DEL_ACUERDO,FECHA_ENTRA_VIGENCIA,FECHA_ANULACION,REFERENCIA,FUNCION_UNIDAD,DEPARTAMENTO,MUNICIPIO,TIPO_AREA,ACUERDO_DIGITAL,ID_TIPO_GESTION,ID_ESTADO,ID_SOURCE,IP,ID_ESTADO_PROCESO,ID_TRAZABILIDAD,OBSERVACIONES,ID_USUARIO_REGISTRO,FECHA_REGISTRO,FECHA_PUBLICACION,OBS_FECHA_VIGENCIA) values (24,100161,10016,'JUZGADO DE PAZ SAMAYAC11','JDO. DE PAZ11','JDO. DE PAZ SAMAYAC11','JUZGADO DE PAZ SAMAYAC11','DEL',to_date('01/01/00','DD/MM/RR'),to_date('28/05/21','DD/MM/RR'),null,'ZCVZXVCZXV','T',10,8,1,'2021/5/28/24/NewProject.pdf',3,1,2,'10.101.105.140',2,41,'asdf',50669,to_date('28/05/21','DD/MM/RR'),to_date('28/05/21','DD/MM/RR'),null);
Insert into TT_GEST_DEPENDENCIA (ID_GESTION_DEPENDENCIA,CODIGO_DEPENDENCIA,CODIGO_PRESUPUESTARIO,NOMBRE_DEPENDENCIA,NOMBRE_GAFETE,NOMBRE_ABREVIADO,NOMBRE_DOCUMENTO,CONECTOR,FECHA_DEL_ACUERDO,FECHA_ENTRA_VIGENCIA,FECHA_ANULACION,REFERENCIA,FUNCION_UNIDAD,DEPARTAMENTO,MUNICIPIO,TIPO_AREA,ACUERDO_DIGITAL,ID_TIPO_GESTION,ID_ESTADO,ID_SOURCE,IP,ID_ESTADO_PROCESO,ID_TRAZABILIDAD,OBSERVACIONES,ID_USUARIO_REGISTRO,FECHA_REGISTRO,FECHA_PUBLICACION,OBS_FECHA_VIGENCIA) values (25,150091,15009,'JUZGADO DE PAZ  EL CHOL1','JDO. DE PAZ1','JDO. DE PAZ EL CHOL1','JUZGADO DE PAZ  EL CHOL1','DEL',to_date('01/01/00','DD/MM/RR'),to_date('28/05/21','DD/MM/RR'),null,'SDFASDFDSF','T',15,6,1,'2021/5/28/25/NewProject.pdf',3,1,2,'10.101.105.140',2,43,'aaaaaa',50669,to_date('28/05/21','DD/MM/RR'),to_date('28/05/21','DD/MM/RR'),null);
Insert into TT_GEST_DEPENDENCIA (ID_GESTION_DEPENDENCIA,CODIGO_DEPENDENCIA,CODIGO_PRESUPUESTARIO,NOMBRE_DEPENDENCIA,NOMBRE_GAFETE,NOMBRE_ABREVIADO,NOMBRE_DOCUMENTO,CONECTOR,FECHA_DEL_ACUERDO,FECHA_ENTRA_VIGENCIA,FECHA_ANULACION,REFERENCIA,FUNCION_UNIDAD,DEPARTAMENTO,MUNICIPIO,TIPO_AREA,ACUERDO_DIGITAL,ID_TIPO_GESTION,ID_ESTADO,ID_SOURCE,IP,ID_ESTADO_PROCESO,ID_TRAZABILIDAD,OBSERVACIONES,ID_USUARIO_REGISTRO,FECHA_REGISTRO,FECHA_PUBLICACION,OBS_FECHA_VIGENCIA) values (26,120061,12006,'JUZGADO DE PAZ MALACATAN','JDO. DE PAZ','JDO. DE PAZ MALACATAN','JUZGADO DE PAZ DEL MUNICIPIO DE MALACATÁN','DEL',to_date('15/05/21','DD/MM/RR'),to_date('28/05/21','DD/MM/RR'),null,'ADAFSAS','T',12,15,1,'2021/5/28/26/NewProject.pdf',3,1,2,'10.101.105.140',2,46,'adf',50669,to_date('28/05/21','DD/MM/RR'),to_date('28/05/21','DD/MM/RR'),null);
Insert into TT_GEST_DEPENDENCIA (ID_GESTION_DEPENDENCIA,CODIGO_DEPENDENCIA,CODIGO_PRESUPUESTARIO,NOMBRE_DEPENDENCIA,NOMBRE_GAFETE,NOMBRE_ABREVIADO,NOMBRE_DOCUMENTO,CONECTOR,FECHA_DEL_ACUERDO,FECHA_ENTRA_VIGENCIA,FECHA_ANULACION,REFERENCIA,FUNCION_UNIDAD,DEPARTAMENTO,MUNICIPIO,TIPO_AREA,ACUERDO_DIGITAL,ID_TIPO_GESTION,ID_ESTADO,ID_SOURCE,IP,ID_ESTADO_PROCESO,ID_TRAZABILIDAD,OBSERVACIONES,ID_USUARIO_REGISTRO,FECHA_REGISTRO,FECHA_PUBLICACION,OBS_FECHA_VIGENCIA) values (34,10112,10112,'ASDF','ADF','ADF','ASDF','DEL',to_date('28/05/21','DD/MM/RR'),to_date('28/05/21','DD/MM/RR'),null,'SDAFASDFSFSDF','N',2,4,2,'2021/5/28/34/NewProject.pdf',1,1,2,'10.101.105.140',1,47,null,50669,to_date('28/05/21','DD/MM/RR'),null,null);
Insert into TT_GEST_DEPENDENCIA (ID_GESTION_DEPENDENCIA,CODIGO_DEPENDENCIA,CODIGO_PRESUPUESTARIO,NOMBRE_DEPENDENCIA,NOMBRE_GAFETE,NOMBRE_ABREVIADO,NOMBRE_DOCUMENTO,CONECTOR,FECHA_DEL_ACUERDO,FECHA_ENTRA_VIGENCIA,FECHA_ANULACION,REFERENCIA,FUNCION_UNIDAD,DEPARTAMENTO,MUNICIPIO,TIPO_AREA,ACUERDO_DIGITAL,ID_TIPO_GESTION,ID_ESTADO,ID_SOURCE,IP,ID_ESTADO_PROCESO,ID_TRAZABILIDAD,OBSERVACIONES,ID_USUARIO_REGISTRO,FECHA_REGISTRO,FECHA_PUBLICACION,OBS_FECHA_VIGENCIA) values (35,11171,1117,'JUZGADO PRIMERO DE LO ECONOMICO COACTIVO GUATEMALA','JDO. 1RO DE LO ECONOMICO COACTIVO','JDO. 1RO DE LO ECONOMICO COACTIVO GUATE.','JUZGADO PRIMERO DE LO ECONOMICO COACTIVO GUATEMALA','DEL',to_date('01/01/00','DD/MM/RR'),to_date('28/05/21','DD/MM/RR'),null,'CAMBIO','N',1,1,1,'2021/5/28/35/CIRCULAR NO. UAAF-006-2021MAL.pdf',3,1,2,'10.101.109.84',2,49,'Se confirma solicitud',50941,to_date('28/05/21','DD/MM/RR'),to_date('26/05/21','DD/MM/RR'),null);
Insert into TT_GEST_DEPENDENCIA (ID_GESTION_DEPENDENCIA,CODIGO_DEPENDENCIA,CODIGO_PRESUPUESTARIO,NOMBRE_DEPENDENCIA,NOMBRE_GAFETE,NOMBRE_ABREVIADO,NOMBRE_DOCUMENTO,CONECTOR,FECHA_DEL_ACUERDO,FECHA_ENTRA_VIGENCIA,FECHA_ANULACION,REFERENCIA,FUNCION_UNIDAD,DEPARTAMENTO,MUNICIPIO,TIPO_AREA,ACUERDO_DIGITAL,ID_TIPO_GESTION,ID_ESTADO,ID_SOURCE,IP,ID_ESTADO_PROCESO,ID_TRAZABILIDAD,OBSERVACIONES,ID_USUARIO_REGISTRO,FECHA_REGISTRO,FECHA_PUBLICACION,OBS_FECHA_VIGENCIA) values (36,9985,9985,'11222223','9985','11222223','11222223','DEL',to_date('28/05/21','DD/MM/RR'),to_date('28/05/21','DD/MM/RR'),null,'9985','N',1,1,2,'2021/5/28/36/297-019 Firma Electronica Administrativa.pdf',1,1,2,'10.101.109.127',2,51,'nitido',27815,to_date('28/05/21','DD/MM/RR'),to_date('28/05/21','DD/MM/RR'),null);
Insert into TT_GEST_DEPENDENCIA (ID_GESTION_DEPENDENCIA,CODIGO_DEPENDENCIA,CODIGO_PRESUPUESTARIO,NOMBRE_DEPENDENCIA,NOMBRE_GAFETE,NOMBRE_ABREVIADO,NOMBRE_DOCUMENTO,CONECTOR,FECHA_DEL_ACUERDO,FECHA_ENTRA_VIGENCIA,FECHA_ANULACION,REFERENCIA,FUNCION_UNIDAD,DEPARTAMENTO,MUNICIPIO,TIPO_AREA,ACUERDO_DIGITAL,ID_TIPO_GESTION,ID_ESTADO,ID_SOURCE,IP,ID_ESTADO_PROCESO,ID_TRAZABILIDAD,OBSERVACIONES,ID_USUARIO_REGISTRO,FECHA_REGISTRO,FECHA_PUBLICACION,OBS_FECHA_VIGENCIA) values (37,121325,1213,'JUZGADO DE PRIMERA INSTANCIA DE FAMILIA DE MIXCO, GUATEMALA','JUZGADO DE PRIMERA INSTANCIA DE FAMILIA DE MIXCO','JUZGADO DE PRIMERA INSTANCIA DE FAMILIA DE MIXCO, GUATEMALA','JUZGADO DE PRIMERA INSTANCIA DE FAMILIA DE MIXCO, GUATEMALA','DEL',to_date('03/09/08','DD/MM/RR'),to_date('27/05/21','DD/MM/RR'),null,'TR','N',1,8,1,'2021/5/28/37/F56E_SUMINISTROS.pdf',3,1,2,'10.101.109.127',2,53,'ttrdf',27815,to_date('28/05/21','DD/MM/RR'),null,null);


--------------------------------------------------------
-- Archivo creado  - martes-noviembre-08-2022   
--------------------------------------------------------
REM INSERTING into TT_DEPENDENCIA_RH_CIDEJ
SET DEFINE OFF;
Insert into TT_DEPENDENCIA_RH_CIDEJ (ID_DEP_RH_CIDEJ,DEPENDENCIA,ID_DESPACHO,ID_ESTADO,ID_SOURCE,ID_USUARIO_REGISTRO,FECHA_REGISTRO,OBSERVACIONES,ID_TRAZABILIDAD,IP) values (1,101283,502,1,2,50669,to_date('28/05/21','DD/MM/RR'),null,55,'10.101.105.140');
Insert into TT_DEPENDENCIA_RH_CIDEJ (ID_DEP_RH_CIDEJ,DEPENDENCIA,ID_DESPACHO,ID_ESTADO,ID_SOURCE,ID_USUARIO_REGISTRO,FECHA_REGISTRO,OBSERVACIONES,ID_TRAZABILIDAD,IP) values (2,9985,1234,1,2,50669,to_date('01/06/21','DD/MM/RR'),null,62,'10.101.105.140');
Insert into TT_DEPENDENCIA_RH_CIDEJ (ID_DEP_RH_CIDEJ,DEPENDENCIA,ID_DESPACHO,ID_ESTADO,ID_SOURCE,ID_USUARIO_REGISTRO,FECHA_REGISTRO,OBSERVACIONES,ID_TRAZABILIDAD,IP) values (3,9985,12345,1,2,50669,to_date('01/06/21','DD/MM/RR'),null,63,'10.101.105.140');
Insert into TT_DEPENDENCIA_RH_CIDEJ (ID_DEP_RH_CIDEJ,DEPENDENCIA,ID_DESPACHO,ID_ESTADO,ID_SOURCE,ID_USUARIO_REGISTRO,FECHA_REGISTRO,OBSERVACIONES,ID_TRAZABILIDAD,IP) values (4,120061,13,1,2,27815,to_date('15/06/21','DD/MM/RR'),null,82,'10.101.105.140');



--------------------------------------------------------
-- Archivo creado  - martes-noviembre-08-2022   
--------------------------------------------------------
REM INSERTING into TT_DEPENDENCIA_CORREO
SET DEFINE OFF;
Insert into TT_DEPENDENCIA_CORREO (ID_DEPENDENCIA_CORREO,DEPENDENCIA,CORREO_ELECTRONICO,ID_ESTADO,ID_SOURCE,ID_USUARIO_REGISTRO,FECHA_REGISTRO,OBSERVACIONES,ID_TRAZABILIDAD,IP) values (1,101283,'ebe@oj.gob.gt',1,2,50669,to_date('28/05/21','DD/MM/RR'),null,54,'10.101.105.140');
Insert into TT_DEPENDENCIA_CORREO (ID_DEPENDENCIA_CORREO,DEPENDENCIA,CORREO_ELECTRONICO,ID_ESTADO,ID_SOURCE,ID_USUARIO_REGISTRO,FECHA_REGISTRO,OBSERVACIONES,ID_TRAZABILIDAD,IP) values (2,9985,'correito@correito.com',1,2,50669,to_date('01/06/21','DD/MM/RR'),null,61,'10.101.105.140');
Insert into TT_DEPENDENCIA_CORREO (ID_DEPENDENCIA_CORREO,DEPENDENCIA,CORREO_ELECTRONICO,ID_ESTADO,ID_SOURCE,ID_USUARIO_REGISTRO,FECHA_REGISTRO,OBSERVACIONES,ID_TRAZABILIDAD,IP) values (3,120061,'correoprueba@oj.gob.GT',1,2,27815,to_date('15/06/21','DD/MM/RR'),null,81,'10.101.105.140');
Insert into TT_DEPENDENCIA_CORREO (ID_DEPENDENCIA_CORREO,DEPENDENCIA,CORREO_ELECTRONICO,ID_ESTADO,ID_SOURCE,ID_USUARIO_REGISTRO,FECHA_REGISTRO,OBSERVACIONES,ID_TRAZABILIDAD,IP) values (4,120061,'correoprueb1a@oj.gob.GT',1,2,27815,to_date('15/06/21','DD/MM/RR'),null,83,'10.101.105.140');


--------------------------------------------------------
-- Archivo creado  - martes-noviembre-08-2022   
--------------------------------------------------------
REM INSERTING into TS_TIPO_GESTION
SET DEFINE OFF;
Insert into TS_TIPO_GESTION (ID_TIPO_GESTION,TIPO_GESTION,ID_SOURCE,ID_ESTADO,FECHA_CREACION,OBSERVACIONES,ID_USUARIO_REGISTRO) values (1,'CREACION',1,1,to_date('27/05/21','DD/MM/RR'),null,-1);
Insert into TS_TIPO_GESTION (ID_TIPO_GESTION,TIPO_GESTION,ID_SOURCE,ID_ESTADO,FECHA_CREACION,OBSERVACIONES,ID_USUARIO_REGISTRO) values (2,'ACTUALIZACION',1,1,to_date('27/05/21','DD/MM/RR'),null,-1);
Insert into TS_TIPO_GESTION (ID_TIPO_GESTION,TIPO_GESTION,ID_SOURCE,ID_ESTADO,FECHA_CREACION,OBSERVACIONES,ID_USUARIO_REGISTRO) values (3,'REGULARIZACION',1,1,to_date('27/05/21','DD/MM/RR'),null,-1);
Insert into TS_TIPO_GESTION (ID_TIPO_GESTION,TIPO_GESTION,ID_SOURCE,ID_ESTADO,FECHA_CREACION,OBSERVACIONES,ID_USUARIO_REGISTRO) values (4,'BAJA',1,1,to_date('27/05/21','DD/MM/RR'),null,-1);



insert into RH_DEPENDENCIA(DEPENDENCIA,ID_DIRECCION,NOMBRE_DEPENDENCIA,NOMBRE_GAFETE,NOMBRE_ABREVIADO,DEPENDENCIA_PADRE, 
MATERIA,FECHA_CREACION_DEPENDENCIA,FECHA_ANULACION_DEPENDENCIA,TELEFONOS,NOMBRE_DEPENDENCIA_DOCUMENTO,UNIDAD_PRESUPUESTARIA, REFERENCIA,USUARIO_MODIFICO,
ID_CAMARA,ID_COMPETENCIA,ID_ESPECIALIDAD,ID_AREA,NOMBRE_DEPENDENCIA_UCI,ACUERDO_DIGITAL,FECHA_ENTRA_VIGENCIA,FECHA_PUBLICACION,OBS_FECHA_VIGENCIA)
values (101283,1,'JUZGADO DE PRIMERA INSTANCIA DE FAMILIA DE MIXCO, GUATEMALA','gafete','dep',1,1,SYSDATE,NULL,'12345678','DOC','S','REF',USER,1,1,1,1,'CIT','ACUERDO',SYSDATE,SYSDATE,'OBS');


insert into RH_DEPENDENCIA(DEPENDENCIA,ID_DIRECCION,NOMBRE_DEPENDENCIA,NOMBRE_GAFETE,NOMBRE_ABREVIADO,DEPENDENCIA_PADRE, 
MATERIA,FECHA_CREACION_DEPENDENCIA,FECHA_ANULACION_DEPENDENCIA,TELEFONOS,NOMBRE_DEPENDENCIA_DOCUMENTO,UNIDAD_PRESUPUESTARIA, REFERENCIA,USUARIO_MODIFICO,
ID_CAMARA,ID_COMPETENCIA,ID_ESPECIALIDAD,ID_AREA,NOMBRE_DEPENDENCIA_UCI,ACUERDO_DIGITAL,FECHA_ENTRA_VIGENCIA,FECHA_PUBLICACION,OBS_FECHA_VIGENCIA)
values (9985,1,'JUZGADO DE PAZ NUEVA CONCEPCION','gafete','dep',1,1,SYSDATE,NULL,'12345678','DOC','S','REF',USER,1,1,1,1,'CIT','ACUERDO',SYSDATE,SYSDATE,'OBS');

insert into RH_DEPENDENCIA(DEPENDENCIA,ID_DIRECCION,NOMBRE_DEPENDENCIA,NOMBRE_GAFETE,NOMBRE_ABREVIADO,DEPENDENCIA_PADRE, 
MATERIA,FECHA_CREACION_DEPENDENCIA,FECHA_ANULACION_DEPENDENCIA,TELEFONOS,NOMBRE_DEPENDENCIA_DOCUMENTO,UNIDAD_PRESUPUESTARIA, REFERENCIA,USUARIO_MODIFICO,
ID_CAMARA,ID_COMPETENCIA,ID_ESPECIALIDAD,ID_AREA,NOMBRE_DEPENDENCIA_UCI,ACUERDO_DIGITAL,FECHA_ENTRA_VIGENCIA,FECHA_PUBLICACION,OBS_FECHA_VIGENCIA)
values (120061,1,'JUZGADO DE TRABAJO','gafete','dep',1,1,SYSDATE,NULL,'12345678','DOC','S','REF',USER,1,1,1,1,'CIT','ACUERDO',SYSDATE,SYSDATE,'OBS');

insert into RH_DEPENDENCIA(DEPENDENCIA,ID_DIRECCION,NOMBRE_DEPENDENCIA,NOMBRE_GAFETE,NOMBRE_ABREVIADO,DEPENDENCIA_PADRE, 
MATERIA,FECHA_CREACION_DEPENDENCIA,FECHA_ANULACION_DEPENDENCIA,TELEFONOS,NOMBRE_DEPENDENCIA_DOCUMENTO,UNIDAD_PRESUPUESTARIA, REFERENCIA,USUARIO_MODIFICO,
ID_CAMARA,ID_COMPETENCIA,ID_ESPECIALIDAD,ID_AREA,NOMBRE_DEPENDENCIA_UCI,ACUERDO_DIGITAL,FECHA_ENTRA_VIGENCIA,FECHA_PUBLICACION,OBS_FECHA_VIGENCIA)
values (120061,2,'JUZGADO DE SAN JOSE MILPAS ALTAS','gafete','dep',1,1,SYSDATE,NULL,'12345678','DOC','S','REF',USER,1,1,1,1,'CIT','ACUERDO',SYSDATE,SYSDATE,'OBS');

delete RH_DEPENDENCIA;